{"cameraMode":{"drawMode":2,"name":"Shaded Wireframe","section":"Shading Mode"},"sceneLighting":false,"audioPlay":false,"sceneViewState":{"showFog":true,"showMaterialUpdate":true,"showSkybox":false,"showFlares":true,"showImageEffects":true,"showParticleSystems":true},"in2DMode":false,"pivot":{"x":-0.20742610096931458,"y":0.19559741020202638,"z":-0.07901045680046082},"rotation":{"x":0.17162051796913148,"y":-0.8280695080757141,"z":0.3647373616695404,"w":0.3896328806877136},"size":2.2734320163726808,"orthographic":false}