{"cameraMode":{"drawMode":2,"name":"Shaded Wireframe","section":"Shading Mode"},"sceneLighting":false,"audioPlay":false,"sceneViewState":{"showFog":true,"showMaterialUpdate":true,"showSkybox":false,"showFlares":true,"showImageEffects":true,"showParticleSystems":true},"in2DMode":false,"pivot":{"x":-0.15072327852249146,"y":0.3857864439487457,"z":0.08559864014387131},"rotation":{"x":-0.04909183084964752,"y":-0.9446548819541931,"z":0.2783002257347107,"w":-0.16663502156734467},"size":2.7159340381622316,"orthographic":false}