{"cameraMode":{"drawMode":2,"name":"Shaded Wireframe","section":"Shading Mode"},"sceneLighting":false,"audioPlay":false,"sceneViewState":{"showFog":true,"showMaterialUpdate":true,"showSkybox":false,"showFlares":true,"showImageEffects":true,"showParticleSystems":true},"in2DMode":false,"pivot":{"x":-0.04144372418522835,"y":-0.021785974502563478,"z":0.25546321272850039},"rotation":{"x":0.6285867691040039,"y":0.03147295117378235,"z":-0.025471694767475129,"w":0.7766848206520081},"size":1.7136554718017579,"orthographic":false}