{"cameraMode":{"drawMode":2,"name":"Shaded Wireframe","section":"Shading Mode"},"sceneLighting":false,"audioPlay":false,"sceneViewState":{"showFog":true,"showMaterialUpdate":true,"showSkybox":false,"showFlares":true,"showImageEffects":true,"showParticleSystems":true},"in2DMode":false,"pivot":{"x":-0.034202367067337039,"y":0.09425824880599976,"z":-0.10406747460365296},"rotation":{"x":0.35008618235588076,"y":-0.48229971528053286,"z":0.2185121476650238,"w":0.7727091312408447},"size":2.298323154449463,"orthographic":false}