{"cameraMode":{"drawMode":2,"name":"Shaded Wireframe","section":"Shading Mode"},"sceneLighting":false,"audioPlay":false,"sceneViewState":{"showFog":true,"showMaterialUpdate":true,"showSkybox":false,"showFlares":true,"showImageEffects":true,"showParticleSystems":true},"in2DMode":false,"pivot":{"x":0.020127397030591966,"y":0.20059418678283692,"z":0.1363869458436966},"rotation":{"x":0.6849836707115173,"y":-0.03992267698049545,"z":0.03764207288622856,"w":0.7264899015426636},"size":2.1687405109405519,"orthographic":false}