{"cameraMode":{"drawMode":2,"name":"Shaded Wireframe","section":"Shading Mode"},"sceneLighting":false,"audioPlay":false,"sceneViewState":{"showFog":true,"showMaterialUpdate":true,"showSkybox":false,"showFlares":true,"showImageEffects":true,"showParticleSystems":true},"in2DMode":false,"pivot":{"x":-0.017125964164733888,"y":0.13600000739097596,"z":0.9000970721244812},"rotation":{"x":0.20521479845046998,"y":-0.6434206962585449,"z":0.18494775891304017,"w":0.7139276266098023},"size":1.3865315914154053,"orthographic":false}