{"cameraMode":{"drawMode":2,"name":"Shaded Wireframe","section":"Shading Mode"},"sceneLighting":false,"audioPlay":false,"sceneViewState":{"showFog":true,"showMaterialUpdate":true,"showSkybox":false,"showFlares":true,"showImageEffects":true,"showParticleSystems":true},"in2DMode":false,"pivot":{"x":3.725290298461914e-9,"y":0.04478408396244049,"z":-0.27491647005081179},"rotation":{"x":0.3607262670993805,"y":-0.342124879360199,"z":0.14424541592597962,"w":0.8555821776390076},"size":2.8054468631744386,"orthographic":false}