{"cameraMode":{"drawMode":0,"name":"Shaded","section":"Shading Mode"},"sceneLighting":false,"audioPlay":false,"sceneViewState":{"showFog":true,"showMaterialUpdate":true,"showSkybox":false,"showFlares":true,"showImageEffects":true,"showParticleSystems":true},"in2DMode":false,"pivot":{"x":-0.18001174926757813,"y":0.6863822937011719,"z":-1.1665948629379273},"rotation":{"x":0.2169451266527176,"y":0.6268941164016724,"z":-0.18775619566440583,"w":0.7243524789810181},"size":3.9132168292999269,"orthographic":false}