{"cameraMode":{"drawMode":2,"name":"Shaded Wireframe","section":"Shading Mode"},"sceneLighting":false,"audioPlay":false,"sceneViewState":{"showFog":true,"showMaterialUpdate":true,"showSkybox":false,"showFlares":true,"showImageEffects":true,"showParticleSystems":true},"in2DMode":false,"pivot":{"x":-0.00040978193283081055,"y":-0.8070749044418335,"z":-0.9233762621879578},"rotation":{"x":0.00982598029077053,"y":-0.9142828583717346,"z":0.4043499231338501,"w":0.022217953577637674},"size":1.7312593460083008,"orthographic":false}