{"cameraMode":{"drawMode":2,"name":"Shaded Wireframe","section":"Shading Mode"},"sceneLighting":false,"audioPlay":false,"sceneViewState":{"showFog":true,"showMaterialUpdate":true,"showSkybox":false,"showFlares":true,"showImageEffects":true,"showParticleSystems":true},"in2DMode":false,"pivot":{"x":0.06359493732452393,"y":0.020981192588806154,"z":0.2340337038040161},"rotation":{"x":0.48012933135032656,"y":-0.20041148364543916,"z":0.11368613690137863,"w":0.8463974595069885},"size":1.5772297382354737,"orthographic":false}