{"cameraMode":{"drawMode":0,"name":"Shaded","section":"Shading Mode"},"sceneLighting":false,"audioPlay":false,"sceneViewState":{"showFog":true,"showMaterialUpdate":true,"showSkybox":false,"showFlares":true,"showImageEffects":true,"showParticleSystems":true},"in2DMode":false,"pivot":{"x":599.6762084960938,"y":1829.064453125,"z":465.7760009765625},"rotation":{"x":-0.017110416665673257,"y":0.9545835852622986,"z":0.2921523451805115,"w":0.05590692535042763},"size":568.1416625976563,"orthographic":false}