{"cameraMode":{"drawMode":2,"name":"Shaded Wireframe","section":"Shading Mode"},"sceneLighting":false,"audioPlay":false,"sceneViewState":{"showFog":true,"showMaterialUpdate":true,"showSkybox":false,"showFlares":true,"showImageEffects":true,"showParticleSystems":true},"in2DMode":false,"pivot":{"x":1.130244493484497,"y":-6.446399688720703,"z":7.729714393615723},"rotation":{"x":-0.29637622833251955,"y":0.0037313830107450487,"z":-0.0011582818115130067,"w":-0.9550647139549255},"size":16.236400604248048,"orthographic":false}